tweet_id,label
'308488170838831104',1
'955724773216129024',0
'954792171521048576',0
'363321598431862784',1
'939204686632103936',0
'319103357581131778',1
'955331061705265153',0
'208834065523146752',0
'354648870707400704',0
'220968008800141312',1
'953978937402691584',0
'298222779285778432',1
'955417091871531008',0
'376450592266547200',0
'210880650151079936',1
'369569578466025472',1
'259239061817028608',0
'341076795623362560',1
'225957590222376960',1
'955947934964699141',0
'157415616079331329',1
'955885279667212293',0
'369577642628243456',1
'342208645586620416',1
'955548795911180295',0
'302068033038458880',1
'315896166040621057',1
'327143475827052544',1
'291595747139403776',1
'284410222989172736',1
'953991903430705152',1
'213569768102445056',1
'955753586998349824',0
'953924927391870976',0
'955417713911922688',0
'371621655002349570',1
'954662300882894848',0
'330288759826415616',1
'954182836474515456',0
'353432363990134786',1
'350226603856494592',1
'953239300551962624',0
'321745924667887616',1
'367764547765301248',0
'953977528598827009',0
'361915729223749633',1
'317601084883484672',1
'368659452422938624',0
'205314432241377281',0
'955424416128815104',0
'954348083764191234',0
'330832823470653440',1
'955893203617513472',0
'953033841043787777',0
'346009439393943552',1
'350578315314216960',1
'351121119174078464',1
'226450962582208512',1
'953978572590518272',1
'352196836028727296',1
'312344288224755713',1
'366983304458670080',1
'296385159987597312',1
'280383828521017344',1
'345641354694635522',1
'376811630115692545',0
'222128072617496576',1
'953981331939168256',0
'955447081577123840',0
'946805661840572416',0
'209206845628350464',1
'955430379766267905',0
'953998679035338753',0
'955256312140632064',0
'337303226187649024',1
'955063407484526592',0
'335068367838928896',1
'203774633365864448',0
'954641198710509568',0
'180437429172441088',1
'955888894737821697',0
'209365992629993473',0
'266266209585094656',1
'954577980239503360',0
'282244952547811328',1
'953978487521665024',0
'254229678359982081',1
'954993861931171840',0
'954470055831621633',0
'200657826081800192',1
'374503713026895872',0
'295106679253630976',1
'953961512519036928',0
'953745837229772800',0
'314574477235204096',1
'238678153659293697',1
'152445923878907904',1
'219224231509102592',1
'295818303610433536',1
'306373662917939202',1
'955408678378790912',0
'346420886963884032',1
'956098669962563585',0
'316261281126547456',1
'291510244121669633',1
'955411932252655616',0
'955407845146726402',0
'329354631882895361',1
'954654483228889088',0
'352196542708457472',1
'352541068765564928',1
'299126397643923456',1
'955030626599690240',0
'953916684959698944',1
'178514913046700036',1
'305838856538845186',1
'218257064483500032',1
'213420094515200001',1
'955965037725847552',0
'341535184644079616',1
'291242412674801666',1
'298731511983775745',1
'949384365192163330',0
'298940194793586689',1
'276826916164628481',1
'367391218344660992',0
'955926135157731335',0
'955398006785892352',0
'320447389183901697',1
'274255233889226753',1
'953272274781696000',0
'330536770850672640',1
'349983833782890497',1
'944429343715053569',0
'955438026989232128',0
'953843421285842944',0
'311510672137678848',1
'953949377223110656',0
'312780506209075200',1
'947715246902448128',0
'352392408329224192',1
'291298052331958274',1
'955909537218879490',0
'251051144112128000',1
'369371459455442945',1
'955938049002700800',0
'949521861808939008',1
'954894966492487680',1
'955408788550569985',0
'106874215952691200',1
'276683556288335873',1
'241905404878131200',1
'356421574598991872',1
'953466731162456066',0
'295890375971844096',1
'352436047331856385',1
'362061312584450050',0
'953975446286282752',0
'954444344190210048',0
'953785985451610112',1
'951212555225174018',1
'343492298325241857',1
'373750880362692608',1
'955404887432552448',0
'953974358757830656',0
'317969010773872641',0
'953972003425476608',1
'345924643170967553',1
'955892088889102336',0
'346082702421815297',1
'194553348307951616',0
'955873765291888640',0
'955460551819358208',0
'313638517337112576',1
'943242494837444610',0
'955894134274916352',0
'346597380885463040',1
'954048436034142208',0
'954859768551739393',0
'329292595928891393',1
'241821749593907200',0
'214843962802978817',1
'349287301064556544',1
'953866742245228544',0
'953923232209489920',0
'376390899913084928',0
'169374354692517888',1
'270324206246428672',1
'956102119899238401',1
'943515260656418816',0
'373945826324013057',1
'953930008233463808',1
'230386836911046658',0
'955824952028073985',0
'955919280297701378',0
'256869153623928833',1
'955582689645613056',0
'274237794874949632',1
'953983752811765761',0
'170574948014891008',1
'955916561675640834',0
'955875586391576577',0
'272198532860100608',1
'953974481340502016',0
'186712692252344321',1
'308256559530647552',1
'946583174603304960',0
'305254980066095104',1
'308139298539065345',1
'955618570796519424',1
'953940630778056704',0
'950457950660947968',0
'182132386371346434',1
'953984740712951808',1
'953852458685681664',0
'213706238586929152',1
'374186440894078977',1
'953972115413323777',0
'256860639266492416',1
'953627483756220416',1
'951499910012133378',0
'253156542726172674',1
'362500241280339969',1
'954775075957432320',1
'334771345160290306',1
'955584177461694469',0
'349990031429074944',0
'199488945279610880',1
'952969518187532288',1
'955408322978496512',0
'948438820130828288',1
'352829362875285504',1
'955406486410334209',0
'275714033347330048',0
'302479958884904960',0
'952551149130997763',0
'194038060231561216',1
'955528220132216832',0
'360774924559843328',1
'336561903834894336',1
'947343054628732929',0
'955892951208615936',0
'272272046241755136',1
'232130854833491969',1
'219045919868456960',1
'953957642950516736',0
'953967208408997888',0
'954679230851354629',0
'955923882346721282',1
'271932121650700289',1
'955878700322623490',0
'953275704044646406',1
'953988882906959872',1
'336206622496026625',1
'955411272664829952',0
'954534732791939072',0
'369830149359144960',0
'950201448347983873',0
'949034618765881344',0
'352006187568480258',1
'342767911775109120',0
'955933781034242048',0
'952586548855410691',0
'374167060156522496',1
'953325664907812865',0
'953984506121392129',1
'953792450862174208',0
'279877813845229569',0
'214563646100094976',0
'276056313803456513',1
'339452294888312832',1
'955880425959886848',1
'335367128427425793',1
'373406771899293697',0
'219814472087384065',1
'239704543556931584',1
'951161596314836992',0
'352118684061413377',1
'208856178896273408',0
'953973520584847360',0
'953975623478849536',0
'349985506752339969',1
'953571228744323072',0
'319585962776748032',1
'955166700152020992',1
'951404806207426560',0
'315206260788174848',1
'950336065063280641',0
'309102384519475201',1
'282513859317751809',1
'305863700848472065',1
'301454669056729088',1
'373155700030963713',1
'213392638961922048',0
'358079915226185728',0
'214619176390758401',0
'953860452206997505',0
'249652596531400704',1
'357597892237725696',1
'943793666845536256',1
'950859778728824832',0
'259708244866527232',1
'953974623191949317',0
'945815936250073088',0
'955918070329106433',1
'956104287435735040',0
'953685918598225920',1
'375541497187164160',0
'217930292873277441',1
'956052375210520577',0
'298475175366758400',0
'948601324932861953',1
'949662465343844352',0
'955420357233590273',0
'314923603357495296',1
'955571422021251073',1
'277175836728254464',1
'352498733365202944',1
'953794068148113414',0
'376207047341002752',1
'213487945284464640',1
'955417100209795073',0
'376675174479044608',0
'370172883496361984',0
'215769502091186179',1
'337507558384345088',1
'953807906289446912',0
'953741222149087233',0
'956038214720028673',0
'953937613664215041',0
'955879171695181824',0
'241659997078052865',1
'953185160484270081',0
'955762024646049792',0
'294119158164111362',1
'217744777775558656',1
'951525958388985856',0
'219154007925596160',1
'212529879080632320',1
'338275166415118337',1
'948463950659596288',1
'951960001471504385',0
'377130500751900672',1
'214811661066973185',1
'166137369387470848',1
'207676901211373569',1
'955480214288691201',0
'266486257151000576',1
'953982784191848448',0
'337311977330315264',1
'217331545277607937',0
'319582432569466880',1
'955059397784371200',1
'292086267221516288',1
'272263903235424256',0
'953971013578092544',0
'955928335443550208',0
'955540165547757568',0
'955391544210657280',0
'284949309747757057',1
'955350008378818560',0
'371075798137991168',0
'343858423059849216',1
'956015562571829250',0
'948010312539758592',0
'954681019373932544',1
'954909075447435264',0
'955834354827186176',1
'161069518809079808',1
'953886276746469376',0
'231230350263726081',0
'218304837354389504',1
'217347013736538114',1
'955871188294742022',1
'360692413381087232',1
'305801720351567873',1
'357091016790122496',0
'946504593688711168',0
'281159743526031360',1
'954949488359170048',0
'303816991494516737',1
'955329768198672384',0
'213928778030784512',1
'955407664422453249',0
'336082002539331584',1
'227800612287426560',1
'953988254537273344',0
'954351771626934274',0
'271949639937323009',1
'328619794054135808',1
'208857839916154881',1
'955916929717370881',0
'955406287407337472',0
'956032496474390528',0
'335490119517736961',0
'274322824104136704',1
'955905291312422913',0
'953946719313715200',0
'953389824668553223',0
'955876388741042177',0
'953690507535962112',0
'955772694074621958',0
'952236139674587139',0
'318070172873273345',1
'953748182336491520',1
'954697251124850689',0
'956097279198457856',0
'954005088519049216',0
'359665492404875264',1
'955355468184072193',0
'364491297014710272',1
'181845916284764162',1
'953362996490919936',1
'272238594930921472',0
'953923108641169408',0
'236797411387899905',0
'954530909398687744',0
'953691347151593472',0
'955404625137500160',0
'272276317448310785',1
'298809836198588416',1
'950807656876445697',0
'277246619030802432',0
'952582798229016576',0
'364895377658347523',0
'224242009848815616',1
'955879737800515587',0
'176009211916992512',1
'954615964062113792',0
'350037530625847296',1
'953964316251836416',0
'953970489810149376',0
'350005591705526274',1
'334638506565591040',1
'955968514002579456',1
'955930915376640001',0
'953910716674838528',1
'953970536807387136',0
'953592707770994688',0
'952883016984129542',1
'944984204399513601',0
'953754422751973378',0
'171889314379206657',1
'954713822849155074',0
'316250772276912128',1
'105039419823763457',1
'951799813057732608',0
'955896007790878721',0
'954441306964680704',0
'334556026571460608',1
'955814031415218186',0
'955877737734049794',1
'241584900845760513',0
'953984089949982721',0
'955427609416028160',0
'953310993232297984',0
'955798877407514629',0
'950708775714947077',0
'208923970173550592',1
'239001140119867392',1
'952460582254448640',0
'956097260907061248',0
'955507883524976640',0
'359981766624280576',1
'955774742895710208',0
'227741355747733504',1
'363035175757684737',1
'345965427865812992',1
'955424607670013952',0
'955891312238227459',0
'954875694365990913',1
'940884094677913600',0
'347421650645553154',1
'350583107226841089',1
'201395368792035329',0
'953778974664118273',0
'952453960975175680',0
'351329762771353601',1
'955894350084476928',1
'955441037010522113',0
'177097446881636353',1
'953871285662240768',0
'367425426169155585',1
'955895209187045383',0
'953879041181999104',0
'335882949696290816',1
'955406287407337472',0
'955739078397517824',0
'953979753505148929',0
'313006417441337344',1
'954053976139366400',1
'953997820687736833',1
'954442221226528769',1
'352189631455965184',1
'352517121646927872',1
'953332829118697473',0
'188701955445628929',1
'953996994141409280',1
'955702458055094273',0
'319602682790805504',1
'349799018248945665',1
'276403355130142721',1
'345962433766096896',1
'230819283305897984',1
'214102389525979139',1
'303813169867005952',1
'954890209296084993',1
'954583266673250304',0
'953776698507571200',0
'283301079263870976',1
'955875058630701057',0
'945239547935449089',1
'953996004667396097',0
'299997575614963712',1
'320863233344950272',1
'953973341030879232',0
'287872772166795264',1
'367632581917147136',0
'208894686973276160',1
'206107693679771649',1
'313877618518806528',1
'195899929481322496',0
'955363163083628545',0
'954866365709672450',0
'953972422608375812',1
'953995575686586368',0
'953971551090638848',0
'360146883747905538',1
'313633195214114816',1
'221112919813926912',1
'956082690402463744',0
'953847358386733056',0
'955412933084925957',0
'955406222458572804',0
'363333333561769984',1
'955894544532320256',0
'217108134722940928',1
'304219182248116224',1
'220672894454333440',0
'953740118359248896',0
'296905154446376960',1
'233603666253336577',1
'951561358000128000',1
'164255715807076352',1
'941100322864484352',1
'356957478128340992',1
'954382195803738117',0
'206977687242293248',1
'222755065805549568',1
'223106296935759872',0
'948828907809239040',0
'350876639749611520',1
'320318778518937600',1
'319697081038163969',1
'313267501440061441',1
'258256609753583616',1
'950641432586416128',0
'301365315219095552',1
'353644077151027200',1
'350035838345805824',1
'938864860644900865',0
'200701016138715136',1
'353644077151027200',1
'955894343545565184',1
'367352583922262016',0
'356761706472538114',0
'954874966587199488',1
'347458309265170433',1
'275302570673729536',0
'305278079364919296',1
'299998211333029888',1
'952260486841733121',1
'956052246084706304',0
'220537912415105025',1
'370156063020318720',1
'335831087093792768',1
'955930438358446080',0
'240271888855748608',1
'295304968427171840',1
'324220170522488832',0
'258906059756937218',1
'318421885513789441',0
'954320031579439105',0
'353542757295472642',1
'259872417575493632',1
'953985893077082112',0
'385511478780252160',1
'952026549351538688',0
'955166197632380928',0
'950312925465636867',0
'306128950181126145',1
'333175318363910144',1
'955405606315229184',0
'160521195769442304',1
'952850345771917312',0
'955827619337068544',1
'312937925916626945',1
'344579843477868544',1
'951864779236311040',0
'361558125150601220',1
'324531796773580800',1
'232252436067274752',1
'951748527927029760',0
'256733527310217218',1
'948366375361314816',0
'275733952994607104',1
'342793957698314242',1
'952187790954971136',1
'953891653739261952',0
'324224337181818880',1
'348650740908187648',1
'955907097438416896',0
'951167463550607360',1
'955937868916121603',0
'953875915188199424',0
'955904506117672960',1
'955900413907210241',0
'955884483277881344',0
'331367360051175424',1
'296886020526456832',1
'953974263438036994',1
'955919600172052481',0
'327367905064939520',1
'208851448837058560',1
'274976190396252160',1
'365080921738711041',1
'289129674599174146',0
'199201812958560256',1
'954916450929709056',0
'953917601247383553',0
'304238984513609729',1
'953979825944920064',0
'953577840439648257',0
'239460064149262336',1
'327405807945805824',1
'952991629434130434',0
'188902171331395585',1
'370605785275179008',1
'953967703101988864',0
'192023006254612481',0
'953991270065672193',1
'323733878739189760',1
'276093999805239296',1
'360076599477022721',1
'214102188350382082',1
'359420777176637440',0
'298539209319391234',1
'278822237333778432',1
'943990303173873665',0
'336530237770854400',1
'316720110528253953',1
'955407453495074817',0
'358081042747367426',0
'299436024239640577',1
'953344387903295488',0
'364700762216992769',0
'953208237452550144',0
'322536402875215873',1
'360687800263249921',1
'187858424145526784',1
'954435072513454082',1
'352134015769264129',1
'203943151432503296',1
'350169886590377984',1
'227824253754548225',1
'953998195587207168',0
'953796663575044096',0
'955934213005553664',0
'276039582900957184',1
'953951193507778560',0
'230817445982642176',0
'955197322996174848',1
'305821514861797377',1
'370452363556823040',1
'346538652173758464',1
'259914626031034368',1
'259966183091077120',1
'248047399283601408',1
'955579735551209474',0
'954389158436458497',0
'953975923027607554',0
'955685852256063488',0
'955406486410334209',0
'350006424593637376',1
'953950131388403713',0
'952535405898948608',0
'322294190363000832',1
'954953728821428226',1
'325209202731646976',1
'952595916724359168',0
'953930217780924416',1
'254304970696978432',1
'953986635783340032',0
'952508153228349440',0
'373498398759862272',1
'953432390030053377',0
'340066498431295489',0
'335817639127572480',1
'953995259863846912',0
'953735825040314368',0
'953749764805337089',0
'951004790393376768',0
'955470058049949696',0
'955913012153602048',0
'291335449618837504',1
'272851466144849920',0
'953536519565926401',1
'355667611452841984',0
'343700164722188289',0
'300281636707250176',1
'268794233224306688',1
'955411328059039745',0
'955605494810513409',0
'953895086311567361',0
'227067350933991426',1
'370874444551839744',0
'248554105390374912',1
'955086940025573377',0
'292014593285427200',1
'953947803801223169',0
'254283650303160320',1
'216652820613574657',1
'208855689882386432',0
'955406760902365185',0
'953992714936176640',0
'332592324913803265',1
'365887707441930241',0
'222064075566358529',1
'362440283830501377',0
'955878966484787200',0
'956064386308820992',0
'955912407846653952',0
'376795914264141824',0
'341165941079560192',1
'339454254467125249',1
'954109089604427778',0
'954020649382670336',0
'350014371407216640',1
'218557521353383936',0
'955569197869879296',0
'956105086538797056',0
'956073289033674752',1
'955215128550572039',0
'353275234486456320',1
'353644077151027200',1
'358076762602741760',0
'953344085024215041',1
'360437665398652929',1
'328842237310013440',1
'346197614443757569',1
'955831913553461250',0
'229282583790383105',1
'238486018972602368',1
'955406906767675395',0
'349991154533670912',1
'369838837213564928',1
'953384807307890698',1
'953671296264671232',0
'365087811092754432',1
'358939115095461891',1
'954496486812848134',1
'324196481336758273',1
'373547861281353728',0
'356901649815568386',1
'955897638997581824',0
'368085933519675392',1
'243091188159225856',1
'191235094554484736',1
'953406458732924930',0
'953973006468026369',1
'953997913331585024',0
'956031582032318464',1
'952906763287883776',0
'299436024239640577',1
'951573338358534144',0
'353171559495630848',1
'249915808929681408',0
'955905590206791680',1
'272776494932168704',1
'953985482660220928',0
'955925817653104644',0
'232553931937570816',1
'351951431986724865',1
'955361895053168640',0
'218821410510995456',0
'952137881522528256',0
'955403256024436736',0
'254656332370681856',1
'250682936779743232',1
'320259743597879298',1
'374446458122293248',1
'267272615599677442',0
'339739427247099906',1
'952851232225447937',0
'370199493729607680',1
'220124866689511424',1
'950482453843599361',0
'276470992287694848',1
'953978384786362368',0
'953970040298143744',0
'952506644461649921',1
'948652976767422465',0
'953752557557444608',0
'955877626614251521',0
'369556447803084800',0
'203586542667706368',1
'272070881696690176',1
'371329425700573185',0
'953915572290576384',0
'276388230901932032',1
'344167675024515072',0
'326871460817797121',1
'953752184881115137',0
'955935736804540421',0
'955368708981100547',1
'323488215690534912',1
'953923581850898432',0
'955928306112745473',0
'955895940883406849',0
'319952537912496128',0
'214837395042996226',1
'955399782700371968',0
'955413291450425344',0
'955906322884714497',1
'954978416184512512',0
'953713557987831813',1
'954979386406637568',0
'233298163014983680',1
'954013189901115392',0
'954439489874612224',0
'208854490743443458',0
'209782933546991616',0
'327016400113790976',1
'954289898709663744',0
'180705873436483584',0
'207557553469669376',1
'953919675594919936',0
'953975531304816640',0
'953970739220185088',0
'955771343336820736',0
'955171892050190336',0
'955551041487081477',0
'318431109220286464',1
'276060392407564288',0
'939063980945018880',0
'374595110891454464',1
'352499275764215810',1
'373750143532924928',1
'955924785971810305',0
'955358787711520768',1
'369627856407506944',1
'948793972780097536',0
'953978814450864130',0
'955896600697729026',0
'955895223976124416',0
'376273048410017792',0
'217151238213607424',1
'311300571590193152',1
'955916199262670848',0
'344523344625946624',1
'953969286451744770',0
'208838578283876354',1
'953972740121415680',0
'289324974777450497',1
'371081210732101632',0
'218085134786760704',0
'955882105094975488',0
'955907370613379072',0
'207556998059925506',1
'953950758231314432',0
'225201723831107587',1
'341803301957943297',1
'955349373977808896',0
'301471664611405824',1
'200657761523085313',1
'955890330720768001',0
'953709185937690627',0
'352486641492963330',1
'222660661057028098',1
'956014147279491078',0
'189428871374974976',1
'286280084615221248',1
'341511897029431299',1
'316641275505958912',1
'203491693876625408',1
'955891877030621185',0
'364532013056786432',1
'206794588231450625',1
'217690077474734080',1
'953981089537654785',0
'953970344569851906',1
'374320237144862720',1
'352511629625278465',1
'953954348761051136',0
'227584182082232321',1
'955169701998587904',0
'307175487648714752',1
'955890127439564801',1
'953597633490247682',0
'337358442173968386',1
'367345605363761152',0
'342986961662906368',1
'333816517743480832',1
'352503700834615297',1
'296712761768026112',1
'954003780462432256',0
'948749707521744897',1
'352520850265747458',1
'955844935332384768',0
'211095200288866306',0
'296267384442986496',0
'353627057072246784',1
'230069363984703489',1
'953995882269208576',1
'335346657166229505',0
'329733725883621376',1
'955887429864640513',0
'351138887176957957',1
'367385071252422656',0
'949313710077759493',0
'955187972726513664',0
'953978876459438080',0
'953960523527348229',0
'208887830531936256',0
'283532503191527424',1
'205997723793629184',1
'217246367167418369',1
'953766506407571457',0
'241901580507545600',1
'345966030222417920',1
'307794490960265216',1
'955529260508368896',0
'249599094882967553',1
'955874938354888704',0
'949650777643126784',0
'237568574875639809',1
'953576633167990784',0
'955410648816594944',0
'955878415529398272',0
'954751270367256576',0
'955090957489319936',0
'951918117038501888',0
'955785100922425345',0
'352865194579472384',1
'955447543319625731',0
'337093784108142592',1
'955379559968501761',0
'955409031644016641',0
'955892896489652224',0
'356023530917335042',1
'358078399534731265',0
'266245463282446337',1
'360394993053089794',1
'350742420855595011',1
'288009585829220352',1
'953975021764055040',0
'953995240456753153',0
'199489194152824832',1
'952953946347376640',0
'955394357649182720',0
'352464951752921090',1
'360858987098423297',1
'954977719934169088',0
'954126257482059777',0
'955911586169933825',0
'954691165709840384',1
'277116705115893760',1
'950381591272050689',0
'350455305181736961',1
'349991206069080064',1
'953165819365806080',0
'953997213918691329',0
'303577780589842432',1
'106902717649272832',1
'299996858200252416',0
'283005071913005057',1
'205339153414631424',1
'291329176873598976',1
'952891913937436674',0
'362630243590209537',1
'955589666513866753',0
'249580865947045889',1
'227590169363103744',1
'955485665784942592',0
'954878798423642112',0
'219561230975766529',1
'312602140600324097',1
'953969865332854784',1
'952145992731758592',1
'259268294748553217',1
'217840968630673409',1
'359072455068893184',0
'950848086934515714',0
'955905238543806464',1
'954515642845102081',0
'953911695679909888',0
'953985020854722560',1
'954856592507326464',0
'954747430385475585',0
'370208274756665344',0
'294988457229570049',1
'955410697302827009',0
'955547104147116037',1
'362673055199277057',1
'953744811588308997',0
'954532161142558720',0
'955889631479857152',0
'277144685741481984',1
'217685782222209024',1
'953778154606333952',0
'955409315967524871',0
'955894336847261696',0
'335400843685806082',1
'955408059412643840',0
'955425424397492224',0
'344223811241123840',1
'953981574516703235',0
'337110301491216384',1
'372002132343263232',1
'951800910681911296',0
'332513374225170433',1
'953998073776234503',0
'956008170274607111',1
'949696983446556672',0
'291354566975434752',1
'952818014432518145',0
'208839941608837121',0
'952246280591499264',1
'270513157708070915',1
'245809066193076224',1
'358736976502996994',1
'153572305069551617',1
'324020684223283200',1
'358683351265198081',1
'955408410262102016',0
'268146424464683008',0
'362431664120532992',1
'174527272714375169',1
'349997662101188609',1
'952551304970362886',0
'947830097460985856',0
'955877556485591041',0
'948493816897654785',0
'953573312310992897',1
'350975392527548418',1
'952246979152793601',0
'949311102080442368',0
'955401578701377536',0
'359674729537343488',1
'955501130062077952',0
'953970013127565313',0
'373252519931428864',1
'270949407179034624',1
'252948139311517696',1
'281731906201088000',1
'953903087294537729',0
'105097713988812801',1
'949934061069459457',0
'325388252523663360',1
'952229545532379136',0
'953972115413323777',0
'952638161032794112',0
'952580020375040000',1
'309454620630081536',0
'955415542441152512',0
'306953075443257345',1
'952990146852458496',0
'230207850448814080',1
'343034010554990592',1
'234708789448810496',1
'948451301523886080',0
'953978079147429888',0
'370356129571680258',0
'949221768874680325',0
'352400748497211392',1
'313435628354281472',1
'375357315186429952',1
'953987919634751488',0
'955872197083615232',0
'372299936416927744',1
'954028833455460358',0
'234717352040738816',1
'953996037311684610',0
'955353492029362178',0
'334667688414687233',1
'130592051082432512',0
'953988992764186624',0
'214470642102304771',1
'953983147653369856',0
'220413659652964352',1
'953973544760864769',0
'311286467420909568',1
'347122982369497090',1
'954386720262377476',0
'955885185999962112',1
'219555766330327040',1
'336467448792506368',1
'195927747695087616',0
'950453946782572552',0
'376195626205474817',0
'280370214590349312',1
'352463316834205696',1
'336625772192206848',1
'953991476731613192',1
'247002107167780864',1
'208840684650762240',1
'212161091797651457',1
'953799571095805952',0
'953974615977668610',1
'948833358498451456',0
'283566054846914560',1
'954314320237735936',0
'953993786241241088',0
'947984431461093381',0
'955889818592006145',0
'952510691952427008',0
'354989599275229184',0
'325817600045105153',1
'955890234088218626',0
'346410175642603521',1
'198766176254443520',0
'370470907623784448',1
'337993553982681088',1
'956036377430327297',0
'370447345910956032',0
'208877933765464064',1
'955804554662162433',0
'373832958194753536',1
'323414525405720576',0
'339824298770436098',1
'274212199822671872',1
'275725951608946688',1
'225412077957824512',1
'955874203349274624',0
'955498712716935168',0
'325354946293813250',1
'342271462343835650',1
'955843909191643136',0
'330296651988234240',1
'324906838342647808',0
'955944126687694848',0
'955862679041839107',0
'949569999986978817',0
'334556026571460608',1
'216923820550914048',1
'305014054282465280',1
'955411834911252480',0
'234053603399200768',1
'362138557709680641',0
'344446425138077696',1
'955937515239890945',0
'953578020400398336',0
'239034823765803010',1
'305805520139333633',1
'292743034536333312',1
'955792911895023616',0
'317262670116048896',1
'217338698482724864',1
'349990931996479489',1
'955445374331899904',1
'329944385703800832',1
'953978394152226817',0
'353591656311824384',1
'955923618399211521',0
'197024711761346560',1
'182358120138424321',1
'955758356777627649',0
'955232157580058624',0
'955816697725845504',1
'953679243258552320',1
'259642172494712833',1
'309767819837456385',1
'955410903020785666',0
'952314824012288001',0
'955409410733625345',0
'345129963986489345',1
'219129086629515264',1
'938776218920505344',0
'367376215801610240',1
'952307739765723137',1
'939289749159858176',1
'953975072905203712',0
'232458996504743936',1
'205934157187137536',1
'955870102196572160',0
'947491003140857856',0
'953828864878358528',0
'953977289347301379',0
'953991670546092033',0
'953988369511575552',0
'955903495948955655',0
'953938049918005249',0
'955896292449882117',0
'948671273210728448',0
'955415890736148480',0
'955408560233512960',0
'219128854567059457',1
'954435721519083520',0
'948456703850409984',0
'949313294673809409',0
'955212939727863814',0
'351310556415803394',1
'952670521598074882',0
'348468736954597376',1
'946516186539360257',0
'955473632687476738',1
'340149580656156673',1
'130616571864420352',0
'953987912584105989',0
'950808052973887494',0
'216899331930853376',1
'955893690622468098',1
'953972498378493954',1
'955405691296124930',0
'370542853069357056',0
'956036091739557889',0
'953975232234221568',0
'373351079443824640',1
'307054380748795904',1
'346326859908272130',1
'266149627013767169',1
'955935182741299200',0
'287959669400543232',1
'953974943418671104',0
'276459246797869057',1
'334556026571460608',1
'352191676334358528',1
'290991141019590656',1
'953924466760822784',0
'955062380588802050',1
'216633649154625536',1
'220393544274292737',1
'256071936709361664',1
'947573958773280768',0
'953979034781745152',0
'359665944487931904',1
'105041852390055936',1
'275290000801816576',1
'278981264063729664',0
'950398794654539776',0
'955895226069061632',0
'955932559686492163',0
'266222231124865024',1
'956021457598976001',1
'950466790915825664',0
'955528297114456064',0
'955929288854921216',0
'947433183515201536',0
'955134152310796289',1
'953944162491162624',0
'102730201737338880',1
'953991644742864896',1
'221606420779499520',1
'323821440942108672',1
'343841723115515904',1
'353644077151027200',1
'954801891837227008',0
'351942085508734977',1
'955701941887275008',0
'324270006210801665',1
'358076258954915842',0
'955938115738394624',0
'335516092623618048',1
'953971993241518081',0
'953556103492788224',0
'350411090695430144',1
'952583974773317632',0
'187643297286721536',1
'270683874797944833',1
'346000072871399424',1
'208908896381845505',1
'219129587517501440',1
'351340513439383552',1
'217220830462099456',1
'193508143626596353',0
'955932261110763526',0
'246223021084393472',1
'955896251995840512',1
'371707136834674688',1
'952964050907885568',1
'277740787272384512',1
'953995265459085312',0
'955213294817697793',0
'225141132089245697',1
'336569049720958976',1
'953984594600218624',0
'375755789865988096',1
'352173829784743936',1
'955413232591753216',0
'360886364478242816',1
'227866730104492033',1
'335487338228613120',1
'954336163753594880',0
'955609319080386561',0
'319687938705326080',1
'954316264154988544',1
'948652794021629953',0
'948480877830529024',1
'369543588255772672',1
'220106308731420672',1
'953989319701729280',0
'953871051137699841',0
'953016208634404865',0
'954989533413724160',0
'955888704933031936',0
'370219754034049024',1
'227468857328148481',1
'955894116558270464',0
'948512073855717376',0
'305823408413888512',1
'948587876064923649',1
'953976246039404545',1
'358076522290098176',0
'944280468219944960',0
'339740291336638464',1
'298435254673350656',1
'953977775945330689',0
'235348877220384768',1
'279759865323323392',0
'953309753677053952',0
'953992928191500288',0
'953978194591350784',0
'953973211691208704',0
'948146996887597056',0
'274249739275485185',1
'195860032125018112',1
'953973043973558274',0
'955351171589443584',1
'360789433659822080',1
'255718257531682816',1
'954727213638803456',0
'352176156243533824',0
'955127591312257024',0
'955756593861165057',0
'952917832894959617',0
'305334122702843905',1
'353743127238033408',0
'277490419246452736',1
'950305386736832512',1
'955883195559563264',1
'313645594621132802',1
'360759326253649920',1
'956032962776174592',0
'358766394126516225',0
'954299900593876997',0
'952813856346267648',0
'955888813544525824',1
'161612842229956608',0
'954679130070634496',0
'174827620305879040',1
'296354695046373377',1
'290937499465949189',1
'352828316199301124',1
'293355195436523520',1
'953994306628608001',0
'352888763308974081',1
'344177765404270592',1
'305824834238160896',1
'375001019425763328',1
'348434978478120960',1
'377395606823899136',0
'953991110678011904',0
'249696333781405696',1
'953945159519129600',0
'955409300981153794',0
'223493830857596928',1
'352087706270056449',1
'274280899061899264',1
'955139110292860941',1
'370163901528563712',0
'953809844779323392',0
'275712734438506496',1
'344159053552959488',1
'137032253975969792',1
'331677968726380544',1
'350706520629063682',1
'953445207365836806',1
'216894597689917441',0
'295680606489149442',1
'954278137617174528',0
'955120938089156608',0
'948433744846729217',0
'952622167665061888',0
'955440438080503809',0
'952253690760511495',0
'206199916828172290',1
'323657172892393473',0
'205047246365003776',0
'952817737440604160',0
'954842071428419585',0
'955180520031375361',1
'341292352826134528',1
'953750470723596290',0
'219129234734596096',1
'954857469200814080',0
'955131930097446912',1
'953980925737623552',0
'169793207180341248',1
'349996878777163777',1
'348183829929930754',0
'340050455893786624',0
'353639377873813504',1
'330348880845746177',1
'953842061790339072',0
'246115225273765888',0
'955909968124882944',0
'359678654663499777',1
'955408245077741568',0
'306952978756141057',1
'273517548019007488',1
'322985550804045824',1
'955441156829143042',0
'953900881933688832',0
'953858238524489728',0
'955907211246690304',0
'939980883930566656',1
'159034304062689280',1
'182796507383201792',1
'208953127456612353',1
'956097522904240128',0
'953989948880932864',0
'241233041870184450',1
'955875934485340160',1
'255374982123778048',1
'950684878168735744',0
'951710024971247616',0
'225697381952417792',1
'362540580368179200',1
'955891336707821568',0
'946429565664153600',0
'326717746207408128',1
'955585623460663296',0
'950862041505501185',0
'214620180473577473',1
'370189552264044544',1
'953900997813985280',0
'373058055875072000',1
'950117389856894977',0
'953988030800564224',0
'955473520271790082',0
'302534177117589504',1
'953977892530196480',1
'949707783171182592',0
'369655288426541056',1
'340121390193709056',1
'240834674975469569',1
'216980787311022080',1
'953920188298211329',0
'370522093659504641',1
'312324082353967104',1
'953919140259037184',0
'337141243341570049',1
'217007147551162368',1
'955883114160644096',1
'334069700998868992',1
'322057380873515008',1
'956039602200088578',0
'340467618144202753',1
'955336493207248897',0
'953993786765598720',0
'953929747330883584',0
'106884997146869761',1
'955123394940456962',1
'350006509016580097',1
'154362592951930880',1
'276764521199198208',1
'955410783105699841',1
'942831489728892928',1
'207428632132591617',1
'955924574587228160',0
'225536625176875008',1
'370699060241784832',1
'955772214493761536',0
'329211080171745280',1
'953967154218586112',0
'342021155428921344',1
'954317420826648576',0
'203618530262921216',1
'950300677946867712',0
'955528213421330434',0
'322345746835861505',1
'282892320704188416',1
'953988884819529730',1
'941741250717372421',1
'352169526751789057',1
'226119576180645888',1
'344187162482335744',0
'949301815677538305',1
'282905557571096576',1
'949694554160050176',0
'954424502867447808',0
'266300095526481920',0
'955480489640505344',0
'358078026375888896',0
'955924990754508800',0
'208845973173186561',1
'365961505163837440',1
'218062694052397056',0
'360933196046663682',1
'953748840607338498',1
'955521309731147776',0
'953987836713340929',0
'950452927449231360',0
'955551113343848448',0
'240740160252309504',1
'953913301263618048',0
'948492009534296065',0
'955896424801030144',0
'946756707241295873',0
'951072115909976064',0
'375939160793956352',1
'954843898672754688',0
'954623659565600768',0
'340607108754051073',1
'200615961475297281',1
'377395606823899136',0
'955731618085396480',1
'216257301173125120',1
'952261129593589760',1
'953350021910618112',1
'327799775493754880',1
'350189378133438466',1
'349992534895886338',1
'315926184527544320',1
'190230187068227585',1
'955935533636743168',0
'953974675528388608',1
'362265861953814530',1
'295571902729162752',0
'955872206550159360',0
'273028080015126528',1
'244153360075354112',0
'955112105241448448',0
'955918911018536960',1
'955864585386577920',0
'954617111627943936',0
'953972605366697985',0
'360604772740505601',1
'196649630711287809',1
'953971533206163458',1
'955839693203046400',0
'954960689994567680',0
'353190822478487552',1
'276307907027533825',1
'953972182715109377',0
'953568987333451776',0
'348139350783045632',1
'953974843380248576',0
'365507994034778112',1
'953978101121339392',0
'953739171402743808',0
'947541333346004992',0
'954464810346930179',0
'953790386769678336',0
'215376155572846596',1
'268328706282491904',1
'955389240342392832',0
'955769115272273921',0
'324297016417062913',1
'360391924743544833',1
'953858632587857920',1
'170535843851796480',1
'275302909284073472',0
'370173313328635905',0
'253195510326910976',1
'955065350961340416',0
'955394671282401281',0
'352173142711603202',1
'372301862302908416',1
'349994621142695939',1
'955805173728899073',1
'955892519325270017',0
'217634197085503488',0
'236886763250003968',1
'944226061771882496',0
'187262220466528257',1
'249232278499254272',1
'949374556699013121',0
'955381690280574976',0
'955869989252358151',0
'271691124878503936',1
'955410520256937984',0
'346010540012863488',1
'955409725360918528',0
'274293551033118720',1
'376265875256782848',0
'204342978146340864',1
'273064702911860736',1
'955163878069080064',1
'225763807149056000',1
'192744977166639104',1
'352570632241811456',1
'953960333537882112',0
'273907496018640896',0
'955899717279510538',0
'366586308652580864',1
'368187497672495105',1
'305975196580450304',1
'954747935320920064',1
'352548236399095808',1
'954743068548390912',0
'210737673344782336',1
'372088710772162561',1
'953982090676244481',0
'273164909322309633',1
'955563723707551745',1
'352962965953191936',1
'954283468820754432',0
'955920076452048897',0
'953822057783013376',0
'349997504911261696',0
'341833867537293312',1
'955872228511485952',0
'340845277462290432',1
'954496471797256198',0
'357577851345702912',1
'940824083125755905',0
'370884120756637697',1
'955900215818641409',0
'230768551865221121',1
'343013634894606336',0
'955573958606237696',0
'208226481787252736',1
'283688327482322944',1
'310088233373556736',1
'953997694556606469',0
'360720675469656064',1
'369157468271542272',1
'953795072495104002',0
'337085423018975232',1
'955030603073818624',0
'368074162394234881',1
'358083677881774080',0
'233771828638781441',1
'217198687250685952',1
'295890871629520896',0
'955407072434286593',0
'346313993381613568',1
'365188568324382720',1
'345646833286127616',1
'372787817753346048',1
'219129398383742976',1
'954375845568761856',0
'316566508950151168',1
'305109790282088448',1
'363091868453584897',1
'955321130239238144',0
'955452812606955521',0
'948760974571589634',1
'350021237017292800',1
'955913389687140352',1
'347989064739340288',1
'952519189138468864',1
'953983369662091264',1
'348896978408726529',1
'257142226101096449',1
'953631531343515648',0
'322980867955912704',1
'271257002301353986',1
'949177509832163328',0
'370181400529358848',1
'955801078418862080',0
'376441543525015553',0
'209096020741726208',1
'952583402976247808',0
'955936006007656448',0
'951663107662852096',0
'952558828607934464',0
'313428828393443328',1
'955898765067550723',0
'340862889348960256',1
'953983352297721856',0
'337500198886584320',1
'955897058103316480',0
'953372569914265601',1
'953663325262503936',0
'953974766007914496',0
'276105025871290368',1
'224770650382925824',1
'953990130947289088',0
'954909075447435264',0
'953352618658664449',1
'325614198031777792',1
'955181179598180352',1
'948941940015468545',1
'352908016468762624',1
'953998025915097089',0
'955933604139368448',0
'367622606171938816',0
'207450725071073280',1
'345380402648711169',1
'955392128145870848',0
'955560065032998915',0
'955405863971426304',0
'256760331987197952',1
'338663872263233539',0
'288630739073912832',1
'353458090064101376',1
'948977102849826816',1
'953991996829569025',0
'371646740434526208',1
'349990964804337664',1
'318308467372879872',1
'953995191161114624',0
'324652149567004672',1
'295989695815507968',1
'209910305717891073',1
'953413747644694528',1
'953976017445703680',0
'362189780743761921',0
'956048224913158144',0
'227342594538098688',1
'953244939906842624',0
'953973485956628481',0
'955409190155112449',0
'305423129419841538',1
'951498751205609474',0
'318997402071736320',1
'346263006851760128',1
'207502171929980930',0
'271259864590848000',0
'351318214338289665',1
'213346488204533761',1
'351325070972559363',1
'951446259788926976',0
'955111938924601345',0
'340021538575241216',1
'315960461646499840',1
'339459634786099202',1
'376077585526308864',1
'350376471681970176',1
'954382195803738117',0
'351001878831697920',0
'953971302347563009',0
'953973217726779392',1
'953971845304406017',0
'955891195020021760',0
'291117356489531392',1
'333558864882593792',1
'350041225430183936',1
'950458064691441664',1
'955752954031722496',1
'953897559835234304',1
'367376531888558080',1
'314029842955919360',1
'954311271091986432',0
'187859583614717953',0
'229356765660200960',1
'263054917898469376',1
'320082948244242432',1
'299327567486410752',1
'954048132287000578',0
'266085217276669953',1
'956031960874389504',0
'953998240734699520',1
'341636544286830595',1
'368377917929033728',1
'334556026571460608',1
'352191825110503424',1
'954347578526662657',0
'953928366163456000',0
'954745395275599872',0
'955900150060322816',0
'373513507888582656',0
'955918105053712390',0
'955905508535406592',0
'205824135157383169',1
'351311122793627650',1
'953978074424643584',0
'368895807367286784',0
'368797923225530368',1
'228203290175893506',1
'955858114770849792',0
'955897424379301889',1
'338566605804032001',1
'374113520243441665',1
'342631158623911936',1
'939060996488028160',0
'955914147446870016',0
'285389410432847872',1
'954475332077309954',0
'952270542333202433',0
'323061414837235713',1
'953986846127742976',1
'955697186465026048',0
'355670014394769408',0
'211848003764494341',0
'349990673870635009',1
'341644884580638720',1
'955940105826467840',0
'955668776959250432',0
'955408393916899328',0
'953586925524447232',1
'955938777138069504',0
'953924155585581056',0
'956097290711814144',0
'955900831974526976',0
'955410795806019585',1
'233673860426387456',0
'953857197582110720',0
'341534898466742274',1
'377130500751900672',1
'369924270173876224',1
'955925381621669896',0
'273019830511206400',1
'956106313590804480',0
'127087917356163072',1
'955551240146046976',0
'209298095173935104',1
'303467664855146498',1
'268286388447899648',0
'326020500851666945',1
'954609393961766912',0
'951588075506950145',0
'955524264031072257',0
'955098552333688832',0
'208846727048986624',1
'191261951769329664',1
'954740610405105664',1
'953923569926451200',1
'335711969296400384',1
'360861377595842560',1
'955675110513528832',1
'954338516737118209',0
'955899665383329793',1
'955583763802619904',0
'945679109337833472',1
'352436047331856385',1
'318008236160716800',1
'955904826021498881',0
'318874037566713857',1
'232905004699234304',1
'951569690991710211',0
'949703704462143488',1
'231328291112484865',1
'285386416807104512',1
'952474513207304192',0
'955887323966791680',0
'358388548795236354',1
'953572580304261120',0
'294964272038027264',1
'955440829690150912',0
'943925030337024000',0
'373061916027273217',1
'954836405347344384',0
'273424041451323392',1
'361582189953052672',1
'157694964220952576',1
'201685906573365249',0
'955406376435703809',0
'246669431235833856',0
'953973768937975808',0
'334685732729913344',1
'168057729175388160',1
'953120124504084480',0
'199568750008221696',1
'349991577797672961',1
'290842798012366849',1
'955600761915834368',0
'320837855243038720',1
'948454865239494657',0
'955581849027432448',0
'311193858425909248',1
'368420526596710400',1
'289371427814125569',1
'954446833094406144',0
'239385514250219520',1
'348292405159686144',1
'954250324721709056',0
'318383054282452994',1
'208842914611204096',0
'229334403992649728',1
'366705675600019457',1
'214482270831128576',1
'955768087596490752',0
'953989337129111552',0
'954906614422802432',0
'955936503368167424',0
'955878134137741312',0
'287871362800951296',1
'954047121757560832',0
'955356431259176960',0
'956040035056455680',0
'255269754678439936',1
'953045033506299904',0
'955377045869072384',1
'953830355131387904',0
'953959543989514240',1
'952953669519101952',0
'944226300352434178',0
'209702449081090048',0
'953978169094221825',0
'208850103551787009',1
'350018935451697152',1
'254324636244922368',1
'950807454325051394',0
'202706153434656769',1
'953582683396849665',0
'955886383725412352',1
'353107825569972226',1
'275304894318129152',0
'333187015053033472',1
'315234410163220481',1
'350017952600436737',1
'360547604272136192',1
'352827526940327937',1
'300582887508557824',1
'948159568504348672',0
'953930082145521664',0
'953758860728135680',0
'180705873436483584',1
'291587618536308740',1
'953981418438246400',0
'315188967928655872',1
'224848556715028480',1
'955867261398667265',0
'956100888548007936',1
'361260438626906112',1
'952503159532019712',0
'955048781346689034',0
'227743074921631744',1
'949324714496937984',0
'375088186827227136',1
'953864123695198214',0
'348721907073433600',1
'289828252040720384',1
'273906262410940416',1
'340118336560054273',1
'357589056596615171',1
'954511626736226305',0
'300346956893544448',1
'953975445116121089',0
'300182912337326080',1
'369418531470729216',1
'341232904183099392',1
'220130601284546560',1
'234717181961715712',1
'955408547109588994',0
'953777953804046336',0
'955900188467580928',0
'376195626205474817',1
'370693432240402433',1
'955511269414465536',0
'948437873195454464',1
'955930915376640001',0
'953971772499558400',0
'208859848127938561',1
'951534812543750144',0
'954707260416110592',0
'270749843981467648',1
'276019667238281216',1
'199528958482583552',1
'953967745183469573',0
'955947549768278024',0
'954283837315600384',0
'241661404069896192',1
'358627298389405696',0
'953990616689594368',1
'955174158748585984',0
'949178488908668928',0
'951570186318032896',0
'313084196019118083',1
'340171226527969282',1
'360606178201444353',1
'955885645758681088',0
'953752162181500929',0
'254372300072304640',1
'367588117672239104',1
'950256738153803776',0
'361085776026537984',1
'948622105612115968',0
'224894255238365184',1
'947493714754236417',0
'300145614698713088',1
'955409491008409600',0
'207207515283402753',1
'955755063682764801',0
'352542500981977090',1
'173870459958468608',1
'296718968201310208',1
'955505987212992512',0
'955582108717772801',0
'955151118841057280',1
'269558548663521280',1
'187701392285241344',1
'955506618288017409',0
'167706468827672577',1
'955379293617639424',0
'205339673403457537',1
'953336184603848706',0
'956019880876298242',0
'303469238058876928',1
'952681881614540801',0
'204954757008343041',1
'245785272636280832',1
'955935771067904000',0
'949712520276738050',0
'269773296088801282',0
'948459302397923328',0
'352503116022820864',1
'948677388052910080',0
'209210527237423104',1
'955934836304334850',0
'955929152875573248',0
'127331531579588609',1
'953991397933232129',0
'209973572184178688',1
'329954176635396097',1
'954187892410212355',0
'331112544796295169',1
'955177939712212999',0
'208521234491768832',1
'358199742733365250',0
'953976336531509250',1
'955925712669724672',0
'955884286145712129',0
'318314053942530048',1
'954439733412810756',1
'177428701447847937',1
'953372827222192130',0
'955876585181237248',0
'953993774857965569',0
'323904781787729921',1
'948507702807932929',1
'363102345376186368',0
'955631703434956801',1
'956035299028717569',0
'275222050312962048',1
'338031323434323968',1
'955060572449488901',1
'955882505114177541',0
'955406121245790208',0
'950413365091946497',0
'955774044590235648',1
'178957163199336448',1
'363015958664712192',0
'951777789656608768',0
'336784192761364482',1
'316482683414904832',0
'953964439350464517',1
'250611506323021825',1
'955606555013058561',0
'276826505978449920',1
'953974350713180160',0
'272771128844496897',1
'953906839418220544',0
'260446729344778240',1
'359074988503994369',0
'369505388921511937',1
'350005591705526274',1
'953979637637541889',0
'955840494663290880',0
'955341682911993862',0
'295914890873417728',1
'305803046527574016',1
'355846884516040706',1
'277163967464480769',1
'955210776532455426',0
'955766991234715648',0
'955867720872026113',0
'953967018872594432',1
'953897884528926720',0
'253269101449969664',1
'955105624156786688',0
'953980121089789952',0
'955911580155248640',1
'208897014363201536',1
'340865590422028290',1
'955432849192161280',1
'955835725932613632',0
'951088244065783808',0
'947618507096776709',1
'954802471347654656',1
'291888523517243392',1
'318815598509428739',1
'363097021256712192',1
'953994123039604736',0
'293442412951506944',1
'953862316629659648',0
'955923388224155648',0
'307491927039832065',1
'369436675857854466',1
'352110053366575106',1
'257429442090135552',1
'341533851966918656',1
'273925240189485056',1
'951830109194944512',0
'948556334290612229',0
'953359466610790401',0
'955895560493588480',1
'954404188297027585',0
'360204125968928768',1
'251250343994867712',1
'164834031408648192',1
'955361929534607361',0
'352183693797883904',1
'270969174061367296',1
'354329025583382528',0
'955781210307006465',0
'194792023751000064',1
'176662556914614272',1
'947166699148709888',0
'951500328138133504',0
'953088179078418432',0
'955407290965819392',0
'954661163412926464',0
'306506304833335296',1
'207124319178997760',1
'215235609663512578',1
'341296189850918913',1
'952601728637161472',0
'370911804433915904',1
'295592545218617345',1
'310863369135599617',1
'319901129276280832',1
'352508707860512770',1
'280407509125193728',1
'953762667197583360',0
'315957643283951616',1
'954600813711814656',0
'955019885863718912',0
'955771296343879680',0
'955345707090706433',0
'282567545649762305',0
'261061637132414976',1
'271697946439979008',1
'955462472709869568',0
'317281039540174848',1
'299997545738956800',0
'939547776261787650',1
'351943426838769664',0
'235567670521651200',1
'213717158109249536',1
'955912391476334592',0
'352364793161723904',1
'953971829374320640',0
'360829269389225984',0
'953216933763211264',0
'955822727742590977',0
'350713794076491777',1
'324305300901490690',1
'953717991056859136',0
'236276143773327361',1
'302206574078857216',1
'948438362179989505',1
'292716376911654912',1
'953974853635395584',0
'351425181924851712',1
'239389082709549056',1
'352475925876719617',1
'944663152171606017',0
'371723795096014848',1
'955157547207528449',1
'953957594024030208',0
'953931401354792960',0
'353778029702557696',0
'207469644955660288',1
'274637240775360513',1
'955903899684298752',0
'951767807565418496',1
'313434656731176960',1
'305810843273138177',1
'364474419114426368',1
'217199337858531328',1
'955857870179971072',0
'953967346745597953',1
'955409801034510337',0
'955412637898149888',0
'954510751267524608',0
'944684965903683585',1
'339794040725856256',1
'956074900384567296',0
'332101272956194818',1
'359125955681320961',0
'953919675594919936',0
'350723764025171968',1
'352829684389642240',1
'189107804022390784',1
'955910514546225153',0
'953989307404038144',0
'305810246989934592',1
'272129405072048128',1
'352078815893258243',0
'956106138323431424',0
'295586142726799360',1
'954497395341037578',0
'278177219115905024',1
'954015885915803649',0
'351330711246094336',1
'953864942582722561',0
'955870378148220929',0
'360746050874642433',1
'369546065248124928',1
'370181652569272320',0
'301752940014755840',1
'324619488093937665',1
'951779063307304961',0
'296696882724478976',1
'954714841486446592',0
'955352855728283649',0
'946809230442496000',0
'341267377750691840',1
'221543987562033152',1
'367202775341342720',1
'951804104954834944',0
'313639587815751680',1
'953998257675530241',0
'303504300905226240',1
'953748971008208899',0
'955414032193933313',0
'953992140316643328',0
'955896919255076867',0
'956073264975138817',0
'112542838306242560',0
'948561491489443842',0
'344182194195017728',1
'346587161744789505',1
'942852644674179073',0
'953971816179134464',1
'351940898659119106',1
'332190777532895232',1
'955413143152463872',0
'272108032278802432',1
'291116965639102464',1
'278063003658772480',1
'274219878527930368',1
'949669331322974208',0
'218203724907167744',1
'214418328826032128',1
'955883458529824770',0
'303492098148163584',1
'955429790563098626',0
'955925956098756609',1
'325342670228684800',1
'953968754626408448',0
'285509752589537280',1
'953988731609997314',0
'240038042843357184',0
'948604686466256896',0
'374372400642543616',0
'196867948676255744',1
'946642950674464768',0
'369541981011054592',1
'955862369997074432',0
'953970823186042880',0
'955053435509977088',0
'956042397678489600',0
'955992874671329280',0
'953971946949050368',0
'279767491125862400',1
'955913735272529920',0
'216288006695424000',1
'349097553268183040',1
'186821955486367744',1
'349634767010017281',1
'946162247004540933',0
'953987632417202176',0
'311095678065586179',0
'955369205578256384',0
'251964697144860672',1
'953916063128879105',0
'954723333823754241',0
'294960992763404289',1
'955914852857536512',1
'953739416949968897',0
'955445936775421954',0
'949903428515491840',0
'320185537744998400',1
'950444361388642304',0
'953820584286261248',0
'955386767544324096',0
'363723261471096832',1
'370913382901100545',0
'325000631553236994',0
'24517921841610752',1
'350657284852027393',1
'952611845021622272',0
'296384640023928833',1
'358077043377840128',0
'953264791359053824',0
'360634806356291585',1
'370167494805172224',0
'953508376637530112',1
'331772919564869632',1
'283982801915748352',1
'953989708270448640',1
'954511643593072640',0
'943420572154949632',1
'353208936406597633',1
'953746728062259200',1
'370162369562820608',1
'953976234953854978',0
'277144150397308928',1
'953938402331758592',0
'947164467334406149',0
'947182246913609731',1
'151742093474267136',1
'953975611185344512',0
'220647657830494209',1
'272236656474595328',1
'953984594864467969',0
'201809127276687360',1
'367310464897662977',0
'953988336506626048',0
'955336045893246977',0
'343647633585352704',1
'341213439517155328',1
'955610682552037376',0
'315857882048520192',1
'301240483433283585',1
'232595765703344128',1
'953962334736846848',0
'955142980431687681',0
'953973407158358021',0
'161122257513627649',0
'258623119097483264',1
'953539701507547136',0
'208887780540039168',0
'953850471982292992',0
'956089482360573952',0
'218393461064339458',1
'953982289230352384',0
'953347272070385664',0
'951843675797106690',1
'955890086066966530',0
'204102792489615360',1
'955386006311665664',0
'205979620468736000',1
'361682726396502017',1
'952955896103043074',1
'233031568422232064',1
'304391416606490626',1
'952159556012044288',0
'955407939522711553',0
'953908086372093952',0
'215439554944040960',1
'955410893835251712',0
'234754451754336256',1
'953971660914413568',0
'315926820300144640',1
'368880415068536832',0
'352750678432677889',1
'336458334754439168',1
'952268174459916290',0
'955875547145494528',0
'953794272096120832',0
'955188858328666114',0
'287877137334140928',1
'955404850413686785',0
'353188564214886401',1
'273163461406621698',1
'955413787200442369',0
'950718126051569665',0
'279675498613841920',1
'293468266918207488',1
'954775178185191425',0
'319691167509925888',1
'337440855700951040',1
'248038472928088064',1
'112128127077064704',1
'352359317766279168',1
'339104541486231552',1
'358080422971850752',0
'237670213213110272',1
'260683006916837376',1
'953740413587910657',0
'953984804357394434',0
'345292687303385090',1
'281131189841035264',1
'955105185688322048',1
'370036007149658112',0
'270539720570839041',1
'955583606650540037',0
'954507537298141184',0
'955341771336138752',0
'953676717167730689',0
'265108965657026563',1
'955922408975855616',0
'338560468291567616',1
'322130150160486400',1
'955894187190292480',0
'161533589496938496',1
'955528291275993088',0
'280946487406501888',1
'953974287337230341',0
'189254929293123584',1
'956065624442228736',0
'953935961678843904',0
'344585504076992512',1
'200978973151338496',1
'217178541853392897',0
'953575876867842048',0
'348462523248410625',1
'952270542333202433',0
'232846402580013056',0
'224835912134168576',1
'352525377261940739',1
'241283330803396608',1
'955406234747883520',0
'366288279630397440',1
'215070482947518464',1
'178424170818969600',0
'351484558987902977',1
'343311261385232384',1
'371186856895184896',1
'952595361033572352',0
'235074899478196225',1
'369901547951783936',1
'952193582210920448',0
'352487467049422848',1
'228805170883080192',1
'953994202001657856',0
'271997348484362240',1
'250975540834611201',1
'953608539976683521',0
'220743456476246016',1
'231191758443274240',1
'217376948983316480',1
'365213895020904449',1
'188723129730871297',1
'359770732663808001',1
'955617091691929601',1
'955900743185305600',0
'341623041089998848',1
'326321502813294594',1
'953928796780007424',0
'955037277406732290',0
'953989437024817153',0
'954575000211779584',0
'195276783178891266',1
'953981740233654272',0
'314027692435591168',1
'233976959498088448',1
'162157087139438592',1
'952456107536109568',0
'300658789479235585',1
'955406860978479104',0
'952330446683197442',0
'280391894561857536',1
'953697841624633344',1
'951032602256990208',0
'954121730586443781',0
'298916499597447169',1
'307453647908896769',1
'956031908974080000',0
'272109684222222336',0
'955756519483674624',0
'953897266594701313',0
'954760546489962496',1
'352738474954199041',1
'952539843896131585',0
'280375338440220672',0
'305835597086478336',1
'341837300302487552',1
'953976631563079682',1
'954856216462856193',0
'370486010741673984',0
'353566303807737856',1
'322060413481152512',0
'278063572888735745',1
'334556026571460608',1
'328710125831475201',1
'953904803708628992',0
'955769853117452289',1
'953970398156255232',0
'953922674052526080',0
'370567974178263040',1
'352078202438553603',0
'361438553898618880',1
'948493996011278336',1
'953969535039700992',0
'244291776653959168',1
'955360285728083968',0
'332411684629127170',1
'953847174760157185',0
'212287430353620993',1
'161146675547738112',0
'317879745708716033',1
'953984249719291904',0
'360866965247635456',1
'954272767599431681',0
'955584487215325184',0
'352592820936261632',1
'954966673274146816',0
'318778960139939840',0
'953913383933370368',0
'951581989790011397',0
'269193668492144640',1
'328061310690541568',1
'216241483366412288',1
'331056210314944512',1
'370465138643861504',0
'318400955089559553',0
'359463168877150209',1
'346243534032097280',1
'954751555835781121',1
'955475777012854785',0
'953914974094716930',0
'951567819241639937',0
'320464994418450432',1
'942837484832030720',0
'953973126127345666',0
'953994362333036544',1
'271637967217520641',1
'951595157157183488',0
'953333405743271937',0
'170573386018340864',1
'953967148015259648',0
'953774683022913536',0
'360943031240769537',1
'256491817032372224',1
'955792249455104000',0
'955929062588997633',0
'955857025270984704',0
'273026636549595136',1
'293828184825294849',0
'352497589775638528',1
'334681183071895553',1
'105429683063099392',1
'953974518074179584',0
'955190227269832704',0
'315277292937019392',1
'954059246315991042',0
'181660456484749312',0
'232930897786175488',1
'955878472857112577',0
'953798141698101248',0
'360683644433596416',0
'208833267904937985',0
'955902299930615809',0
'953228674286964736',0
'955933697986957315',0
'954577980239503360',0
'317722960435744768',1
'340114622847803392',1
'953536878577442816',0
'188963123334610944',0
'955407932857995265',0
'955419008144171009',0
'955904241297739783',0
'218344338214764544',1
'369389315865845761',1
'340866683361177600',1
'953976851545952258',0
'955888875255271424',0
'274299229424472064',1
'954807835858276352',0
'951503997126488065',0
'956007803872858113',0
'271681058272079873',1
'339112422277271555',1
'218362335939674112',1
'297822611851862017',1
'356124448681758721',1
'345646954841264128',1
'197061663084658688',1
'323051769028542465',1
'954505563890733057',1
'956093937105678336',1
'222797011882225664',1
'955879293212659712',0
'363538175257354241',1
'950263079211884544',0
'955931099108081664',0
'229597463361748992',1
'237026821240147968',0
'318396256756060160',1
'953615241233027078',1
'954251979970306048',0
'955773875018706945',0
'953987924936265733',0
'955795989042008064',0
'955872224992428032',1
'953160580541698048',0
'186824759693156353',1
'294961069737250817',1
'345560559254654977',0
'352195289798557698',1
'215253657283854336',1
'956076955090280448',0
'955882733091328000',0
'239491048580198400',1
'955427387600236544',0
'317314478557503489',1
'352122132186140673',1
'350006142782541825',1
'953979037340327941',0
'956083612625047552',0
'363128498367774720',1
'344172631618121728',1
'953800923222020096',0
'953974612177702912',0
'290013142182920192',1
'955415206775148544',0
'953977756072726528',0
'953857081236512769',0
'954752989817864193',0
'954652543921086464',1
'348488837976170497',1
'955950387692961792',0
'256749891051724800',0
'184192460686229504',1
'953986280043565057',0
'953764560162476033',0
'955399587417722881',1
'364491607099580416',1
'273423299072114690',1
'109212464826167296',1
'955907012625182720',0
'954929901647351808',0
'955407805598654464',0
'953981232550989825',0
'352045033588916225',1
'954273507390627841',0
'207952046379376640',0
'326880760005025792',1
'370971253538320388',1
'955875214935642112',0
'953981645182390272',0
'953879387207815168',0
'318285665869651968',1
'208841658383597569',1
'188350005403320322',1
'274255516048449536',0
'373915991463309312',1
'953316216856305664',1
'953988843249852418',0
'945190838577127425',0
'355849442651422720',0
'955409133355888640',0
'953970514946641925',0
'344953184122458112',1
'341994224100724736',1
'319071461660831744',1
'955361236304236544',0
'955385764912787456',0
'955390980873768962',0
'955912751918051328',1
'953223611850153984',0
'953924468694380544',0
'955949482591576066',1
'375972289809899520',1
'941736654368313344',1
'955956464266436608',0
'954975195458097152',0
'955391349108494336',0
'356763384089296897',0
'360208385494364162',1
'373053650215907328',0
'954136515612987393',0
'344534597851287553',1
'955142101322387459',0
'317639408318836737',1
'954827887236001793',0
'955415688054759425',0
'306407378285367296',1
'954278777345003520',0
'370187087712370688',0
'953929522340122624',0
'253391588238168064',1
'345336836320800769',1
'953985325356822528',0
'955424551625773060',0
'120482941099966464',1
'953786585597792256',0
'259190939648684034',1
'245785962301505536',1
'235455653815136256',1
'352878450505285634',1
'955140577821118464',1
'279867443705421824',0
'275301914705526784',0
'955404937013399552',0
'245803563509489664',1
'956004722107932673',0
'206863084327936002',1
'953805738404655104',0
'950822007117176836',0
'208825464352026624',1
'347069478795874304',1
'944448168074338304',1
'948453637197529088',1
'955442080356159489',0
'955833585554022400',0
'228991183936958464',1
'955885797189746690',0
'234440615893532672',1
'951176891804811264',0
'953988416928190465',0
'318100100511588353',1
'955414172115795968',0
'953994159475609601',0
'953997216468865025',0
'953974763260645376',1
'955112869804363781',0
'953794586257903616',0
'346238722221670400',1
'955591071756627968',0
'373514593047691264',0
'956101244111720449',0
'341837998008172544',1
'955398656391344130',0
'376195626205474817',1
'216914693527318529',0
'956053791979331585',0
'358773675463413760',1
'254623896979001345',1
'339021550709776384',1
'952216925890891776',0
'953846351007240193',0
'311607895290679297',1
'953975763094654976',0
'953926170520752128',1
'953375062765301760',0
'955643961313517569',0
'349632159205691392',1
'299500167957188608',0
'950713615103004674',0
'953785844657262592',1
'955581642122330113',0
'955896404458684417',0
'952872011474272256',0
'955373348506173440',0
'952705149130158080',0
'272392813226905601',1
'955417228987584512',0
'369879418807660544',1
'274297320546369536',1
'228871320836927490',1
'375319181639815168',1
'249508078624579586',1
'218852030498865152',1
'953972028796817408',1
'300380053286551553',1
'320274670857355264',0
'953974013625274368',0
'369412359153922049',1
'303946386578231296',1
'305802543123021824',1
'955535512353337344',0
'954587472989769728',0
'953729622377750528',0
'352599469864402946',1
'369411445399629824',1
'318305126748151808',1
'953991264541736960',0
'955928357685923840',0
'953976346014896128',0
'313257936665321472',1
'108669372398186496',1
'951904278280658944',0
'955412756928385024',0
'950665069574189056',0
'225575271347138560',1
'955799762204332036',0
'358080687510794240',0
'953987885639831552',1
'223128521751531521',1
'321908468732809218',1
'362591339814207488',1
'277217430378532865',1
'953983161607876618',1
'955932070550917120',0
'955097745445961728',0
'218810108241657857',1
'954743091486969856',0
'955913473606803457',0
'343125178601062401',1
'352124282551271425',1
'955882923294711808',0
'270563502194823168',1
'284707924159393792',1
'369445092622229505',1
'352919719487090688',1
'956036273751371776',0
'955900070402166785',0
'953997747593465857',0
'358731454601101312',1
'186606707911299073',1
'349995189579952128',1
'953998585602945024',0
'304308653886930945',1
'351087554109513730',1
'953934706248224769',0
'346925593264267264',1
'953972333978505216',0
'319702713862606848',1
'955930351502839808',0
'339766404209328128',1
'352110321533599744',1
'345904970547208192',1
'216776793682743296',1
'301883466084122624',0
'952471042722758656',1
'178203625422721024',0
'955901262171721728',0
'370549370267398144',0
'324620224089423872',1
'954516469865381889',0
'224580608339349504',1
'254647775931822080',1
'955924367963312128',0
'310043649582977024',1
'955863123508023296',0
'954595463533092864',0
'949907903514923008',0
'351409813235843074',1
'279088274763550721',1
'953931497555316736',0
'317971874799837184',0
'285514254642184193',1
'948633468153614337',0
'215203414035021824',1
'949851198219268096',1
'235004272813670401',1
'948677240430190594',0
'200700342168588289',1
'953740109819473920',0
'948582673915801600',0
'953988567386218497',0
'953914017592037376',0
'955342112186404864',0
'345871614535168000',1
'955906794542583808',0
'283040885468430337',1
'955901414890508296',0
'943885586900930561',0
'145637271377420289',1
'227996608111976448',1
'953983770062966784',1
'294955456164663296',1
'316557873725440000',1
'201818444105134080',1
'951579285927747584',0
'953921816707334144',0
'346584977485463552',1
'281790710863257602',1
'955878830815830022',0
'952870680193851392',0
'310801117665701888',1
'955905060537585669',0
'951605655823101952',0
'955896671019286528',0
'319579184961814528',1
'955098053366697984',0
'953976910307979264',0
'319884839815897088',1
'953727842134712321',0
'955865632364552192',1
'953976236212215808',0
'369732855020408833',1
'365047238482853888',1
'207532311032512512',1
'955278295674839040',0
'955127117724884992',0
'214662300773265408',1
'953924470581809152',0
'356161907411005440',1
'955891198903775232',0
'953882377985708032',0
'359675237975068674',1
'955121246567624704',0
'952813856346267648',0
'954448509889122306',0
'324640242852315136',1
'955861163090333696',0
'955969449227583488',0
'364507105728139264',0
'953904988312481793',0
'955874822751506432',0
'955429885408882688',0
'370853199067897856',1
'955809168199266304',0
'369424266678124544',1
'369574933409443840',1
'296047190097408001',1
'943817483609362438',1
'956101485523341312',0
'956036947243388928',0
'954869113129709569',1
'954461853522038786',0
'332955354944122881',1
'954435985206661120',0
'954388684085833728',0
'955123915038347264',0
'244154257643827201',1
'319692274680336384',1
'276055689191890944',0
'955861097810194432',0
'346971590367535104',1
'208877379769208832',1
'320264284296859648',1
'953986168114286592',0
'955884983805267969',0
'214030482445303809',1
'953607081663361024',0
'953975072343064576',1
'352886872059559937',1
'303506508111564800',1
'955857674255572992',0
'318007413431230464',1
'953933736042622976',0
'175328808096907265',1
'346167925071302656',1
'951662163080380418',0
'953984162352025601',1
'331774892603224064',1
'274538346099900417',0
'951802663255134208',1
'280294285834874880',1
'956098095007391744',0
'344220517139619841',1
'952227607545827328',0
'955929519847862274',0
'954411131933687809',0
'303178405015339009',1
'953735216065056768',1
'366721004216655872',1
'326857844714532865',1
'955898371084079104',1
'353647192487112704',1
'352021249188302848',1
'955383805468135424',0
'954338210724925440',0
'186713574960414720',1
'297070648310771712',1
'116226691562610689',0
'368383405148626944',0
'274584100646580224',1
'953797141033639946',1
'265799520498094081',1
'953597348185300992',0
'348177897128869888',1
'345980685338693632',1
'209208990243106816',1
'955917460942872577',0
'953984211773468673',0
'953922427842539520',0
'953982712347537410',0
'310035899608096769',1
'954798937227055105',0
'953937555564781568',0
'337099755329052672',1
'345968126661369856',1
'176467170585354240',1
'342988535038615554',1
'202544770252419072',1
'367378262248669184',1
'369366830097248256',1
'953978366968942592',0
'955998017026437122',1
'310700991806861312',0
'955903440030400512',0
'952822852721500160',0
'268887496534929408',1
'953355851179446273',0
'953978265034809345',0
'953746512412102657',0
'277570358217953280',0
'200029918812315650',0
'352522849979867138',1
'296616789725544448',1
'954528964592242688',0
'956102970822873088',0
'305810067817639936',1
'947563518982836226',1
'184017600823574531',1
'956019083547500551',0
'272116161372631041',0
'956010206076469250',0
'955465203784839169',0
'358076318497243138',0
'373536650691096576',0
'350005712715390977',1
'950419115176615938',0
'106519915757965312',0
'954370866091094018',0
'953344165580017665',0
'225966951489470465',1
'174675474490998785',1
'205997130664521729',1
'352525797065629696',1
'954630028968546304',0
'370326324856225792',1
'952820495279443969',1
'955789099776008193',1
'224152888157548544',0
'231055478401150977',1
'352211955458654208',1
'375240662662516736',1
'955869340691238918',0
'955929343955529729',0
'199254331604733952',1
'317121972154810368',1
'953811804513169409',1
'955374545153724416',0
'952267788831387650',0
'335483616429752321',1
'186713286149017600',1
'953680155179876352',1
'306953465173798912',1
'955993520963313664',0
'364408368846622720',0
'954886395901939712',0
'209396982735839232',1
'954495011269292032',0
'352082357467090947',1
'297125112027701248',1
'955719611210747904',1
'954274732211359744',0
'148160756700024833',1
'955912962988011533',0
'314026186323939329',1
'953913885832237058',0
'952829118864904198',0
'953447396171829248',0
'284748794912968704',0
'342201969307443200',1
'953971531906011136',0
'318746907629461505',1
'270583716676509696',1
'264469920065130496',1
'955121352398159872',0
'953352841850220544',1
'955517553186693120',0
'168038638054154243',1
'955907221321404416',0
'953943420132872193',1
'956036176678440960',0
'286397301696634880',1
'177416636138143744',0
'954259303606706177',0
'955420028941332481',0
'953979473560555520',0
'953984543689715712',0
'274310369101631488',1
'206505308158308352',1
'215414283641692160',1
'948439379873288193',1
'956049416619790336',1
'319631928670167041',0
'274638834535366656',1
'952972947949539328',0
'294956320761729025',1
'335054309878296576',0
'944206526549553152',0
'266868079496146944',1
'954677758545850368',0
'373926622594088960',1
'288765489293975554',0
'955408080149368832',0
'314337692693430273',1
'951515081740902400',0
'955863087256625152',0
'956034438625931264',0
'955907453316685830',0
'267238987377278977',1
'954251979970306048',0
'209101524230615042',1
'324652867803815937',0
'319725163862179840',1
'307845403192201216',1
'953972322662313985',0
'953916051112243200',1
'954525832801865729',0
'351428023737790464',1
'343588581471813632',1
'351667314791424000',1
'185406579833712640',1
'948864397933514752',0
'954447138989092864',0
'955326546637619200',0
'948549892783386626',1
'137474619488731136',1
'345624525389590528',1
'336102115992809473',1
'251250365759094784',1
'953973874760273920',0
'955871647797514241',0
'955570545956880384',1
'187849919837634560',1
'953995927752249344',1
'351407703182151680',1
'951493865386758144',0
'955407632289984514',0
'953917477452468224',0
'955918467999420417',1
'955399816821043203',0
'949612626337845248',0
'346716976036605953',1
'305824903557431296',1
'955908212234047489',0
'336811171145461761',1
'277147364697972736',1
'953841804004200449',0
'941050342824955906',0
'352805804312764417',1
'953991568981151744',0
'953972253099810816',1
'953457624384667648',1
'269672637029036032',1
'374840037604876288',1
'318340629031694337',1
'341686592395698176',1
'223929674848407552',0
'945767428331638784',1
'943105940584370176',1
'955907643515826176',1
'369161155903647744',1
'222020490687029248',1
'955408110612566016',0
'948493073717301248',1
'955035582945689603',0
'955407535380553728',0
'215105440378396675',1
'943654971093979136',0
'353208879515054081',1
'212586077704302592',1
'291154199679483904',1
'225625732154523648',0
'953946506926673920',0
'186738136917880833',1
'145476094752063488',0
'953945079869194240',0
'316344581606223873',1
'349995335139065856',1
'320239640646926336',1
'274682477631643649',1
'953979301522825216',0
'953987351902027776',0
'948450900275859456',1
'953952140476780545',0
'954654221063815168',0
'239767813865234433',1
'215213852118364160',1
'952224286135242753',0
'348167875632185345',0
'953870907109408768',1
'955639216477794305',0
'953991514081906689',0
'955889840947585025',0
'350037803029118978',1
'955909484450406400',0
'369480319759417344',0
'953797058066108416',0
'955984014409715713',0
'955796849734160385',0
'953655654153154561',0
'177537775950774273',1
'953972099617521664',0
'336120323231588352',1
'953928732607156224',0
'362124587099635712',1
'955921626385678336',0
'307810850847223808',1
'370622598540840960',1
'955409968269848576',0
'243281837894557697',1
'352172694541836288',1
'346003626684186624',1
'328761736226299904',1
'247854821690994689',1
'940876150624210944',0
'955468157514338304',0
'950189248124211201',0
'291877045707894784',1
'371140960077766656',0
'286573575941550080',1
'953760122274279430',0
'953978838526189568',0
'956066696980324352',0
'953711749487833088',0
'346648817963245570',1
'368006727679369216',1
'314160234006446081',1
'215165267679002624',1
'955409002518732800',0
'953969037096177664',0
'318313496888619011',1
'953780891138043907',0
'953983027419516928',0
'953993063768174593',1
'955412415818199040',0
'953970800499085313',0
'245786695033831424',1
'955796617831075840',0
'106095182151303168',1
'200294540819705856',0
'371013716462284800',0
'254380727746048000',1
'358465811196821504',0
'954713820479373318',0
'376271337267793920',0
'260452331383037952',1
'948503291536683008',1
'291592242001494016',1
'955412079904739329',0
'363327740906188801',1
'284747237056204800',0
'188947341481484288',1
'948440330147418112',1
'955823689093677057',0
'953931002660888576',0
'180755908647862272',1
'319221038875566080',1
'953995902594764801',0
'939452487806877696',1
'350051408600502272',1
'349984402564055041',1
'952271590561021953',0
'364454186785587201',1
'952641761226223616',0
'350398684502048769',1
'341676714377744384',1
'953760300087627779',0
'368245389037539329',1
'943224419526131712',0
'951883317984546816',0
'948456409536057345',1
'305260871586824193',1
'954307670906949632',0
'955349736051167233',0
'950983498252341248',1
'953986968970514432',0
'955987260918333442',0
'955411379992875008',0
'955599466458951680',0
'206886345749180416',1
'359050275731935232',1
'954868671964483586',0
'955880622991593473',0
'953975520575803393',0
'953978722272600064',0
'361581021071802369',0
'319675126532673537',1
'953979942114615297',0
'953941783783858176',0
'334720696989147138',1
'352187839477329920',1
'953906186381819905',1
'955412342946312192',1
'953854009902796800',0
'955915012878618625',0
'347003644371169281',1
'955921714365501440',1
'955528293889052672',0
'301127065736986627',1
'261807981371465728',1
'373896614189883392',1
'955889575691419649',0
'953242314675191810',0
'299164836439420930',0
'374537568047493120',1
'277265838652928002',1
'349992661681311744',1
'214657864000741376',1
'953968477613821953',0
'955892084115951617',0
'349982027631702017',1
'955119517981724672',0
'282988161146159104',1
'164301645205876737',1
'250046671038316544',1
'955889721049321472',0
'950463053665112065',0
'954052147250737152',0
'953999152022769664',0
'235076708259225601',1
'954338427813720064',0
'954762581536845825',0
'273479248080142337',1
'952071855791312896',0
'237317753848094720',1
'203209949017407488',1
'955891272572694528',1
'292202294919958528',1
'350886742796148736',1
'954702727627538432',0
'352767060411031553',1
'955878040843816960',0
'954950253635129344',0
'953913405315874816',0
'287333058166788096',0
'306131962307960833',1
'943537328861179904',0
'954639340679909376',1
'273353756689694722',1
'193139098481991680',1
'953995347889713154',0
'953201214220587008',0
'334556026571460608',1
'953981964620566528',0
'182172749593198593',1
'953975789762080769',0
'199209323451252737',1
'341797972893392896',1
'952625473959419904',0
'956023218934026241',0
'954765317200162817',0
'149423426174586880',1
'369478989007437824',1
'341607204165664769',1
'372649043383435264',0
'228620659490684928',1
'169339625314320385',1
'188654560426987520',1
'954332665024516096',0
'953985347293196288',0
'358076885420351488',0
'355880367414198273',1
'953943466186244097',0
'367452461155368961',0
'313397209708236800',1
'292218124466524160',1
'955346358457774080',0
'314052174843875328',1
'953992916694859777',0
'353610851556659200',1
'951559235380359168',0
'954113745856245761',0
'291887550245777408',1
'955873725559332864',0
'945984055811723265',0
'953995248082014208',1
'953952868662480896',0
'215821597372723201',1
'953974001965125632',0
'275708924857053184',1
'267243524980867072',0
'955930792982704131',0
'955409357100994560',0
'955894733158707200',0
'955439921950543872',0
'272742410147229696',1
'129241041927815168',1
'339366285911674880',1
'310129510098038785',1
'954252407239737344',0
'953335322372427778',0
'273489096679251968',1
'275302570673729536',0
'299603135733846017',1
'238707761091850240',1
'350004497319337984',1
'251091621469364224',1
'359665723754299392',1
'955908715059777536',0
'344906190922330112',1
'955404269150195715',0
'209311744517095424',1
'318375467512131586',1
'318702850186280960',1
'953989624631832576',0
'205315140990668802',1
'952986674513920000',0
'946355083033432069',0
'948719553655332867',0
'952300799010508800',0
'955732135201173504',0
'953784881099788289',0
'955880291586932736',1
'274219527485657088',1
'347784587302281216',1
'955873807943774210',0
'955335985398771712',0
'255787831690145794',0
'498368492912279552',1
'955384595779915776',0
'332017861579132928',1
'239433840903458816',1
'955347424813502464',1
'178080282396725249',1
'305866427280285696',1
'953936256521723904',0
'955411133107666944',0
'953998315066150912',0
'232523822308409344',1
'295110123800649729',1
'956055017328398337',0
'952061468312326145',0
'278630967705477120',1
'306898921664430080',1
'953926707530092544',0
'954463954339815425',0
'265692160735727616',1
'322101344267816962',0
'953850433302343685',0
'234000644040699904',0
'955412264844107776',0
'207113165408976896',1
'274588500219801601',1
'214837224250941441',1
'214385455481880576',0
'955913498713841664',0
'954096384113815552',0
'955903026870542336',0
'343016014868516865',0
'953975652226564096',0
'305802093502025728',1
'265219947083481089',1
'949934173799833600',0
'954679628567859200',0
'953251043491459072',0
'338665490534768640',1
'334407532502188032',1
'953451515049598976',1
'953894117410471936',0
'374133533691756544',1
'324578515196469249',1
'359074757355896832',1
'953859195111198720',0
'953924528656343040',0
'123780414853742592',1
'953937529555836928',0
'953987797752434689',0
'235079514626076673',1
'951196966914002944',0
'458222464011894784',1
'360956225304797184',1
'951576229739745281',0
'953974112686346240',0
'316849539673907200',1
'955981300351078400',0
'351439104581447680',1
'955875268685651971',0
'955878616763691013',0
'245786326656483328',1
'164259630292275201',1
'274497708373458944',1
'306497942150344704',1
'955551798546386945',0
'955925678049947650',0
'207285246494916608',1
'228654471889178624',1
'955610494186020870',0
'365599474350964737',0
'211581753838678016',1
'955047433045729281',0
'340528234594709504',1
'373592096495513600',1
'342669260704849921',1
'201818198516051968',1
'955343741711212544',0
'364383631839469568',0
'950466837052977153',0
'218824570306707456',1
'954495961165901826',0
'955924343128838144',0
'953897826626531328',0
'210084041779716096',0
'339364495711420418',1
'278543168587329536',1
'328544835814428673',1
'332573088468303873',1
'257124556010049536',1
'955414180345114625',0
'353085692571697152',1
'953178366185754624',1
'316305290649821185',1
'951535451768225792',0
'221037685136031744',1
'337648976251736064',1
'374688777777975297',0
'195263150982053888',1
'955477185091039233',0
'952325636579786752',0
'949948434525679616',0
'316566205110575104',1
'955929628820033537',0
'953972322075074561',0
'955877396409827328',0
'955879738081513473',0
'301434606530465792',1
'953745415995908097',0
'365343864095125504',1
'952268230252486657',0
'345984839511572480',1
'953651670621343744',0
'201819360489254912',1
'294964135567966208',1
'955414854956929024',0
'349990649208111104',1
'311479372236324865',0
'166153601037766656',1
'346343072575143937',1
'282187126777462784',1
'231170694606647296',1
'369408576558616576',1
'277371778534350848',1
'311094751602552832',1
'310875170510356481',1
'955922815974297607',0
'225715212337164289',1
'264978700649504768',1
'954698020272062464',0
'954338629106720768',0
'954091918950064128',0
'299264033490608129',1
'953817172312281089',0
'953983279002259456',0
'292659763374874624',1
'359304892931768320',1
'953563563536404481',0
'276699014651588608',1
'292202294919958528',1
'955407025638387712',0
'305032197218369536',1
'333499789444513792',1
'954602726423519232',0
'953928702206922752',0
'277506737186152449',1
'955783469489119232',0
'316568141759123456',1
'954864503212199945',1
'360646700911693826',1
'258377024471707649',0
'953154876678254592',0
'296386918994804736',1
'377043571133931520',0
'954032483095498752',0
'955927058311532545',1
'953987889595080704',0
'341640041694654464',1
'945736614042578945',1
'434434555689185281',1
'373108504737120256',0
'338086171869605888',1
'235277377431805952',1
'208841024641056768',1
'339519277898035201',1
'135030287133454336',1
'208837733202935808',1
'283144007457054721',1
'953680531690086400',0
'311481460320243712',1
'955933597999026178',1
'953889765199437824',0
'351186731518795776',1
'955661973768867840',0
'340701320161943554',1
'954330819312717824',0
'948440095920619521',1
'218557521353383936',0
'325720248974188547',1
'314756600873230336',0
'272525128406007808',1
'363779595348090880',1
'295647788602101760',1
'193017159029501952',1
'235014474539622401',1
'955789427326013441',0
'955461625171075073',1
'283676031540396032',0
'956097692769251328',0
'955792227179155457',0
'955878728357371904',0
'953974137818673158',0
'953418328223207424',0
'316735969632071680',1
'321320066484412416',0
'955586899204280321',0
'352512991821959168',1
'218087674563661824',1
'290409667090345984',1
'952966925759471616',0
'295741114890199041',1
'955593450644279297',0
'955377649236566016',0
'298531960555450368',1
'955336523951624192',0
'314357133225369600',1
'948292774562091008',0
'953974812728348673',1
'349235933025009665',1
'952258715255803904',0
'954375726731493376',0
'953767172068831234',0
'376043012553703424',1
'350345730533228545',1
'322085724235132928',1
'326444874796789760',1
'955746763834609664',0
'948349367555186688',1
'318756714017071104',1
'251989961258172416',1
'955869685718880262',0
'955790540397740033',0
'277496520234905600',1
'370594789752049664',0
'955421059955773440',0
'953916684959698944',1
'955238167229140993',0
'952657057374752770',1
'234597707644297217',1
'955910572389871616',0
'352087706270056449',1
'322992682374930433',1
'208865977121771520',1
'360386366208610306',1
'364474198158483456',1
'350010608025993217',1
'955814402791493632',1
'315086982663520256',1
'955911617673416704',1
'953417001485168641',0
'274231557877792768',1
'274254385125666816',0
'204698733609365505',1
'308289652647944192',1
'953907311952539649',0
'951537976345022465',0
'956063472059604994',0
'955924748369825792',0
'359329517707337728',1
'953794066143039488',0
'953971573853184000',0
'246541152457736192',1
'954530017396051968',0
'246620824201752576',1
'257118496029286400',1
'261859716571992064',1
'370267651198976000',1
'949234560121876481',0
'352087706270056449',1
'247140636682252288',1
'308349092612943873',1
'234677684322586625',1
'276785848450678784',1
'952844982297165825',0
'953986599368437761',1
'953982916513681408',0
'187830261822668801',0
'953991182971031555',0
'953625613545459712',0
'365081793814208512',1
'954434208809865216',0
'217700082840109056',1
'280865584072249344',1
'184427719667359744',1
'363798045508378624',1
'955906418841923584',0
'370345377654132736',0
'244156996155215872',1
'951755505088811008',0
'955417191494705153',0
'949817476010954753',0
'302530732704804865',0
'365585563899797507',1
'358080756930707456',0
'955314979292565504',0
'955899392359391233',0
'360514865221206017',1
'244756233104527360',1
'955423864615522305',0
'370441504067551233',0
'323456588604133377',1
'949286310497472515',1
'208840833233977344',0
'224129828457156608',0
'214542156566769664',1
'953993677747163136',0
'353644077151027200',1
'231095383152013312',1
'323745947312078848',1
'954819878606827520',0
'953210032266596352',1
'119787200102670336',1
'342283726484541440',1
'955758326008213504',0
'955031515284557824',0
'367800553478180864',0
'296613984256290817',1
'352087706270056449',0
'352183838040002560',1
'364134415070273537',0
'953977804374323200',1
'346741198427402241',1
'270551513749934080',1
'949343629218336769',1
'204325692454866945',1
'357992254377435136',0
'953999277210132480',0
'352519304094298112',1
'954998634709487616',0
'367679072190869504',1
'305252660725026817',1
'955484400090726400',1
'955777701377437696',1
'953018535361597440',0
'955917359700684801',0
'955888233426059265',0
'353155099687792640',1
'951000885471186944',0
'955528001906663424',0
'954871895941369857',0
'234285616043524096',1
'248369142015602688',1
'270269756148445184',1
'267240071600676864',0
'955340282924617728',0
'953898596092461056',0
'315666173108842497',1
'952520658696761344',0
'953992922244042752',0
'254671826666528769',1
'311553381195984896',1
'351468012043382786',0
'345969042001113089',1
'370120016915476480',1
'955712593695567872',0
'948460721716776960',1
'953239121627099136',0
'955771035718246400',0
'333979248404623361',1
'367611796988776448',0
'351601873301680128',1
'339152010584653824',1
'952961180775174145',0
'955945297083097088',0
'953968384256954368',0
'950308574953181184',0
'312302719467671552',1
'955908371101749249',0
'296003812911616001',1
'953887840735256576',0
'188699679347838976',1
'955440961601048577',0
'949262010654568448',0
'954325707416580096',0
'955846024773369856',1
'358928954473725954',1
'955883814940749825',1
'954946904697266181',0
'335497735530749952',1
'953829254361468929',0
'343593636082118657',1
'205805494231764992',1
'953995526567014405',0
'200741017606029312',1
'190231104115064832',1
'955903459374575616',0
'208840842079772672',1
'153570484309602305',1
'955411506115629057',0
'253795477542281216',1
'239470560600543232',1
'350036015513235456',1
'304727773396729858',1
'319701343302463488',1
'315930517772062721',1
'341677796411727872',1
'955405099823697921',0
'370572758817583104',1
'321954751120023552',1
'953913969231712257',0
'241659869822865410',1
'954063842815836160',0
'955829911972753408',0
'953967848447205376',0
'955427974874042369',1
'954707584249946115',0
'953971325818867713',0
'955924182289743873',1
'953684997575204864',0
'333635219104092160',1
'955932593836445696',0
'953972271609196545',0
'366849274547417089',0
'241659143100981248',1
'953971536251285504',0
'360189431354888192',1
'952549374491537408',0
'954326522604720128',0
'338352493186666496',1
'303849853929267201',1
'953994582919958528',1
'948574703811260416',0
'954747852886077440',0
'236298706905870336',1
'950733584234577921',0
'324265649268461569',1
'953990967962554369',0
'950719974552801280',1
'954931311529156608',0
'953973935229546496',0
'372455114831056896',1
'370221208698372096',1
'953967677638365184',0
'308305855181357056',1
'953813810887970816',1
'243388256895516673',1
'357979407136206848',1
'341535936930254849',1
'352522551995543552',1
'955644329506365441',1
'335113150007500800',1
'357369008812605441',1
'273505690075672576',1
'955768974393913344',0
'278039104732684289',0
'953930402296721409',1
'950795228415496192',1
'352190289676484608',1
'297023466975137792',1
'950643587561283585',1
'951705217309044736',0
'208855127497519104',1
'955938521763713024',0
'955905530136064002',0
'955904628352278528',0
'242471171684188160',1
'368136417316048896',0
'950822393961963525',1
'202706153434656769',1
'955395410805362688',0
'955882945176272897',0
'238712699968684032',1
'955946344295878656',1
'359413609903820800',1
'284768332727611392',1
'955767963914833920',0
'285151324520210432',1
'270854537785524224',0
'953319514548076544',0
'955929046323531778',0
'364900476321402882',1
'363294035487625216',0
'953922385933201408',1
'955501659098107904',0
'296029511873609728',1
'953766784963940352',0
'216340922454122496',1
'376195626205474817',0
'955912936274518016',0
'956031504861286400',0
'375965879306973185',1
'360692022773952512',1
'186714614862585857',0
'953980159878627328',1
'194917371096477696',0
'948550311135850499',1
'305816236556701696',1
'955419126373199872',0
'272766588271353857',1
'954669800151687168',0
'352560934662848512',1
'953983893421600768',0
'953703787411144704',1
'955387714416750592',0
'349975524216553473',1
'219082749179469824',1
'955417098943188992',0
'217550465251028992',1
'234028061501308929',1
'276825101255704576',1
'953989249782763520',0
'351144790336868352',1
'305805480553480192',1
'955406014815375360',0
'214546522061291521',0
'304305293339291648',1
'952576572350967808',1
'344008514596913153',1
'952231302631215104',0
'321285479125368832',1
'955178141399552002',0
'143454342643597313',1
'313739270198292480',1
'364417645938237440',1
'955877806138888192',1
'376319859685998593',0
'955910278788669442',0
'274185419611074561',1
'954851454979846146',1
'953975341067972608',0
'951779063307304961',0
'953991972066390017',0
'217632797144252416',1
'331747822942699522',1
'955655732728393729',0
'955991793761472512',0
'955420538733842432',0
'353444704806912002',1
'194547171515834368',1
'287860181457588224',0
'315920365182390272',1
'947189234418552832',0
'953960146606219264',0
'210841534361387010',0
'955413664227618816',0
'954422285049454593',0
'955582314456797185',0
'134953905648959488',1
'209209880454774784',1
'208873294185771008',1
'949337410609041409',1
'953977942824112129',0
'955884909196955650',0
'954468526798131202',0
'296002724703657985',1
'955707180845498368',0
'306699424795615232',1
'955408302611066880',0
'953866026906726400',0
'165596809870311424',1
'947030659796815872',0
'372426163203108864',1
'329953958091190272',1
'216886068006490112',1
'952285907079581696',0
'953257330891685888',0
'202705730137104384',1
'953600477165506566',1
'293428268638539776',1
'953742100541173760',0
'345990670588211200',1
'954479610892206081',0
'952474007890284544',0
'945762032963543041',0
'953756330363416578',0
'953872195498934272',1
'338036876122419202',1
'955884599644708865',0
'351732344207577090',1
'955329506150989825',0
'955895193877786624',0
'345380402648711169',0
'352190495117684737',1
'272449529297649664',1
'955407873940578305',0
'319570061083963392',1
'949530006861971457',0
'953922413485371392',0
'220192124078014464',1
'340918766508576768',1
'955382397041889280',0
'946624566515982336',1
'322123168984731649',1
'953013622346801152',0
'346287911009918976',1
'953953808354299904',0
'953995333897457666',0
'214626265892790272',1
'253891156868464641',0
'955930579215769601',0
'955447002908774401',0
'297125112027701248',1
'954519121349238785',0
'301505409095704576',1
'954440497518477312',0
'949662394191663105',0
'293334067678683137',0
'955584586754478080',0
'950491889928687616',0
'955896158538395649',0
'954850203772899331',0
'214396600146067457',0
'953911983119757312',0
'324658091406794752',1
'955732130600050689',0
'351885113455415297',1
'273915031199043584',0
'954119946010877952',1
'953785510815780865',0
'954050773159235585',0
'953769070419210240',1
'955708563011309568',0
'956072773004222464',0
'272766401691918337',1
'955894489150734336',0
'955894040079323138',0
'319112415868510208',1
'953969729311518720',1
'953740659596386307',0
'297088866752532482',1
'955201462279208961',0
'951800513691115521',0
'231083712677281793',1
'323870452852334593',1
'369145247273476096',1
'948790851160952833',0
'369408181060898817',0
'282244855273488384',0
'308722425166721024',1
'951729963958525952',1
'953989862910255104',0
'954357447791202304',0
'950734775261843457',0
'365892686131101696',1
'273543847986995200',0
'318319659503996928',1
'360790271149084673',0
'951149491947802624',0
'955843990892331008',0
'361110061734567936',1
'307826278185193473',1
'345988291369259008',1
'952681886014259200',0
'215220428065615872',1
'189430736514846721',1
'272368169706991618',1
'360858031195557888',1
'953174988533661696',0
'955894686895525889',0
'361607813090385920',1
'341588657041448961',1
'299170739414790145',0
'370161738819203073',1
'261204244827357186',1
'287314910780719105',1
'364900817943269376',1
'370565445608148992',1
'949194014951202818',0
'955477071798652929',0
'953970913434918912',0
'353288194621583360',1
'283282750948114434',0
'359783013422338049',1
'954672989601239042',0
'272237992565952512',1
'370651704804397057',1
'346840231502303232',1
'953669417531068416',0
'953984158010888193',0
